birdID,birdName,gitAudioURL1,gitAudioURL2,gitAudioURL3,gitImageURL,gitImageSilhouetteURL,gitImagePartUrl,hindiNames,marathiNames,folkStory,order,family,genus,species,region,habitat,urbanOccurance,conservationStatus,notableQuality,personalObservation
1,Indian White eye,https://aaejae.github.io/ornithoQuiz/Alexa_Indian_Whiteeye_Oriental_Whiteeye.mp3,,,https://aaejae.github.io/ornithoQuiz/Indian_Whiteeye_Oriental_Whiteeye.png,,,"Babuna, Chashme-wala, Aankh-michi","Chashmewala, Tikichak, Golyacha Chimna",Legend says they are the forest's scholars who never remove their spectacles.,Passeriformes,Zosteropidae,Zosterops,Zosterops palpebrosus,Pan-India,Gardens & Broadleaf forests,Common,Least Concern,Distinctive white eye-ring.,"Banyan Bliss, Khopoli"
2,Square tailed Bulbul,https://aaejae.github.io/ornithoQuiz/Alexa_Squaretailed_Bulbul_Black_Bulbul.mp3,,,https://aaejae.github.io/ornithoQuiz/Squaretailed_Bulbul_Black_Bulbul.png,,,"Pahadi Bulbul, Kaala Bulbul, Chak-chak","Dongari Bulbul, Krishna Bulbul, Sahyadri Bulbul","Named 'Krishna' in Marathi due to its dark, mystical complexion.",Passeriformes,Pycnonotidae,Hypsipetes,Hypsipetes ganeesa,Western Ghats,Evergreen Sholas,Rare,Least Concern,"Unlike other bulbuls, it is a forest specialist.","Banyan Bliss, Khopoli"
3,Common Kingfisher,https://aaejae.github.io/ornithoQuiz/Alexa_Common_Kingfisher_Small_Blue_Kingfisher.mp3,,,https://aaejae.github.io/ornithoQuiz/Common_Kingfisher_Small_Blue_Kingfisher.png,,,"Chota Kilkila, Ram Gariya, Shareefan","Khandya, Dhivar, Kilkila",Folk belief says it was blessed with a blue coat to camouflage with the sky.,Coraciiformes,Alcedinidae,Alcedo,Alcedo atthis,Pan-India,"Lakes, Streams, Canals",Occasional,Least Concern,Expert diver that can compensate for water refraction.,"Banyan Bliss, Khopoli"
4,Little Ringed Plover,https://aaejae.github.io/ornithoQuiz/Alexa_Little_Ringed_Plover.mp3,,,https://aaejae.github.io/ornithoQuiz/Little_Ringed_Plover.png,,,"Chota Jalkurkur, Merwa, Kanthiwala","Kanthi Tultuliya, Rewa, Valayi",Known as 'Rewa' (the dweller of river sand) in ancient river songs.,Charadriiformes,Charadriidae,Charadrius,Charadrius dubius,Pan-India,Shingle banks & Sandbars,Rare,Least Concern,"Performs the ""broken wing"" act to distract predators.","Banyan Bliss, Khopoli"
5,Tickells Blue Flycatcher,https://aaejae.github.io/ornithoQuiz/Alexa_Tickells_Blue_Flycatcher.mp3,,,https://aaejae.github.io/ornithoQuiz/Tickells_Blue_Flycatcher.png,,,"Adhari, Neel-tuttia, Mach-mariya","Neeli Mase-mar, Neel-pankhi, Tikellcha",Said to have stolen the orange of the sunset for its breast feathers.,Passeriformes,Muscicapidae,Cyornis,Cyornis tickelliae,Central & South India,Dry scrub & Bamboo,Occasional,Least Concern,Upright posture while scanning for flying insects.,Sanjay Gandhi National Park
6,White eyed Buzzard,https://aaejae.github.io/ornithoQuiz/Alexa_Whiteeyed_Buzzard.mp3,,,https://aaejae.github.io/ornithoQuiz/Whiteeyed_Buzzard.png,,,"Tisa, Safed Aankh wala Shikra, Dholi Tisa","Tisa, Shwet-nayan Bhauka, Dolyacha Tisa","Often viewed as a ""companion"" hawk by farmers, guarding the crops.",Accipitriformes,Accipitridae,Butastur,Butastur teesa,Plains of India,"Dry open country, Farmland",Rare,Least Concern,Distinctive white iris and orange cere.,Sanjay Gandhi National Park
7,Eurasian Sparrowhawk,https://aaejae.github.io/ornithoQuiz/Alexa_Eurasian_Sparrowhawk.mp3,,,https://aaejae.github.io/ornithoQuiz/Eurasian_Sparrowhawk.png,,,"Basha (F), Shikra, Chota Baaz","Shikra, Chota Bahiri, Nanhi",Prized in Mughal falconry for its unmatched speed and courage.,Accipitriformes,Accipitridae,Accipiter,Accipiter nisus,Himalayas (Winter in Plains),Wooded areas,Rare,Least Concern,Extreme sexual dimorphism; female is much larger.,Sanjay Gandhi National Park
8,Booted Eagle,https://aaejae.github.io/ornithoQuiz/Alexa_Booted_Eagle.mp3,,,https://aaejae.github.io/ornithoQuiz/Booted_Eagle.png,,,"Baghati, Jiyadha, Chota Ukaab","Boot-dhari Sasana, Pishvi-paay, Ran-garud","Folk name 'Pishvi-paay' refers to its feathering looking like ""stockings.""",Accipitriformes,Accipitridae,Hieraaetus,Hieraaetus pennatus,Pan-India,Wooded hills & Open country,Occasional,Least Concern,"Features ""landing lights"" (white patches on wing base).",Sanjay Gandhi National Park
9,Common Cuckoo,https://aaejae.github.io/ornithoQuiz/Alexa_Common_Cuckoo.mp3,,,https://aaejae.github.io/ornithoQuiz/Common_Cuckoo.png,,,"Papiha, Kupak, Pharpu","Kokila, Paousa, Kup-kup","Its call is said to be a soul calling for its mate, signaling the rain.",Cuculiformes,Cuculidae,Cuculus,Cuculus canorus,Himalayas & North India,Open woodlands & Hills,Rare,Least Concern,Known for laying eggs in other birds' nests.,Sanjay Gandhi National Park
10,House Sparrow,https://aaejae.github.io/ornithoQuiz/Alexa_House_Sparrow.mp3,,,https://aaejae.github.io/ornithoQuiz/House_Sparrow.png,,,"Goraiya, Chidiya, Khas-chidi","Chimani, Chimna, Ghar-chimani",A symbol of a prosperous home; their departure is seen as a bad omen.,Passeriformes,Passeridae,Passer,Passer domesticus,Pan-India,Urban & Rural settlements,Common,Least Concern,Highly adapted to living alongside humans.,Yeoor Hills
11,Indian Pied Starling,https://aaejae.github.io/ornithoQuiz/Alexa_Indian_Pied_Starling_Pied_Myna.mp3,,,https://aaejae.github.io/ornithoQuiz/Indian_Pied_Starling_Pied_Myna.png,,,"Ablak Maina, Siroli, Gutar-Maina","Thipkewali Maina, Ablak, Pandhrya-Golyachi","Often called 'Ablak' (Piebald) due to its striking black and white ""uniform.""",Passeriformes,Sturnidae,Gracupica,Gracupica contra,North & Central India,"Damp grazing lands, Wetlands",Common,Least Concern,Often seen riding on the backs of cattle to catch insects.,Kolshet Creek
12,Yellow eyed Babbler,https://aaejae.github.io/ornithoQuiz/Alexa_Yelloweyed_Babbler.mp3,,,https://aaejae.github.io/ornithoQuiz/Yelloweyed_Babbler.png,,,"Gulab-chashm, Siyahi-chashm, Bulal-chashm","Chipka, Pivlya-dolyacha Satbhai, Dumri",Known as 'Gulab-chashm' (Rose-eyed) in Urdu-influenced folk poetry.,Passeriformes,Sylviidae,Chrysomma,Chrysomma sinense,Pan-India,"Tall grass, Scrub jungle",Rare,Least Concern,"Moves in nervous, jerky hops through thick undergrowth.",Kolshet Creek
13,Spot breasted Fantail,https://aaejae.github.io/ornithoQuiz/Alexa_Spotbreasted_Fantail_Whitespotted_Fantail.mp3,,,https://aaejae.github.io/ornithoQuiz/Spotbreasted_Fantail_Whitespotted_Fantail.png,,,"Nachan, Chakdil, Nachariya","Nachan, Thipkewali Nachan, Phul-pakhru",The name 'Nachan' (Dancer) comes from its constant pirouetting and tail-fanning.,Passeriformes,Rhipiduridae,Rhipidura,Rhipidura albogularis,Central & South India,"Forested areas, Gardens",Common,Least Concern,Fans its tail to flush out insects from foliage.,Kolshet Creek
14,Malabar Whistling Thrush,https://aaejae.github.io/ornithoQuiz/Alexa_Malabar_WhistlingThrush.mp3,,,https://aaejae.github.io/ornithoQuiz/Malabar_WhistlingThrush.png,,,"Kastura, Kal-chitrit, Shila-nad","Malabari Kastur, Gumatara, Ghata-shila","Known as the ""Whistling Schoolboy"" because its song sounds like a human whistling.",Passeriformes,Muscicapidae,Myophonus,Myophonus horsfieldii,Western Ghats,Torrential rocky streams,Rare,Least Concern,"Its song is most beautiful during the dark, misty monsoon mornings.",Sanjay Gandhi National Park
15,Black rumped Flameback,https://aaejae.github.io/ornithoQuiz/Alexa_Blackrumped_Flameback_Lesser_Goldenbacked_Woodpecker.mp3,,,https://aaejae.github.io/ornithoQuiz/Blackrumped_Flameback_Lesser_Goldenbacked_Woodpecker.png,,,"Kath-phodwa, Son-pith, Khidree","Son-patha Sutar, Kath-phodya, Tikali-wala","In village lore, the red crest is said to be a ""tikka"" or mark of the sun's fire.",Piciformes,Picidae,Dinopium,Dinopium benghalense,Pan-India,"Light forest, Urban trees",Common,Least Concern,"Has a specialized ""shock-absorber"" skull for drilling wood.",Tadoba Andhari Tiger Reserve
16,Brown Fish Owl,https://aaejae.github.io/ornithoQuiz/Alexa_Brown_FishOwl.mp3,,,https://aaejae.github.io/ornithoQuiz/Brown_FishOwl.png,,,"Amrai-ghubad, Ulu, Bhariya","Matsya-ghubad, Pingla, Dhivar-ghubad","Associated with the ""Amrai"" (Mango groves) where its deep ""boom"" haunts the night.",Strigiformes,Strigidae,Ketupa,Ketupa zeylonensis,Pan-India,"Near water bodies, Ravines",Rare,Least Concern,"Unlike most owls, its legs are unfeathered to aid in catching slimy fish.",Tadoba Andhari Tiger Reserve
17,Oriental Honey buzzard,https://aaejae.github.io/ornithoQuiz/Alexa_Oriental_Honeybuzzard_Crested_Honey_Buzzard.mp3,,,https://aaejae.github.io/ornithoQuiz/Oriental_Honeybuzzard_Crested_Honey_Buzzard.png,,,"Shah-baaz, Madhu-khur, Shah-tisa","Madhu-baz, Madhu, Madhmashi-mar",Named 'Madhu-khur' (Honey-eater) because it specializes in raiding beehives.,Accipitriformes,Accipitridae,Pernis,Pernis ptylorhynchus,Pan-India,Deciduous forests,Occasional,Least Concern,Has scale-like feathers around the eyes to protect against bee stings.,Tadoba Andhari Tiger Reserve
18,Indian Nightjar,https://aaejae.github.io/ornithoQuiz/Alexa_Indian_Nightjar.mp3,,,https://aaejae.github.io/ornithoQuiz/Indian_Nightjar.png,,,"Chappa, Raat-chidi, Dab-chiri","Ratwa, Chappa, Kapas-pakhru","Legend says it is a ""ghost bird"" because it vanishes perfectly into the dry leaf litter.",Caprimulgiformes,Caprimulgidae,Caprimulgus,Caprimulgus asiaticus,Pan-India,"Scrub, Dry fallow land",Rare,Least Concern,Its call sounds like a stone skipping across ice (chuk-chuk-chuk-r-r-r).,Tadoba Andhari Tiger Reserve
19,Indian Peafowl,https://aaejae.github.io/ornithoQuiz/Alexa_Indian_Peafowl.mp3,,,https://aaejae.github.io/ornithoQuiz/Indian_Peafowl.png,,,"Mor, Morni, Mayur","Mor, Landor, Mayur",Associated with Lord Krishna; a symbol of protection and grace.,Galliformes,Phasianidae,Pavo,Pavo cristatus,Pan-India,"Forests, Cultivation",Occasional,Least Concern,"The ""eyes"" on its train are said to be the hundred eyes of the god Argus.",Tadoba Andhari Tiger Reserve
20,Pied Kingfisher,https://aaejae.github.io/ornithoQuiz/Alexa_Pied_Kingfisher.mp3,,,https://aaejae.github.io/ornithoQuiz/Pied_Kingfisher.png,,,"Kaudiyala, Chota Kilkila, Kilbil","Thipkewala Khandya, Kawadi Khandya, Phata-phat",The 'Kaudiyala' refers to the Cowrie shell pattern of its plumage.,Coraciiformes,Alcedinidae,Ceryle,Ceryle rudis,Pan-India,"Large rivers, Lakes",Occasional,Least Concern,Only kingfisher capable of hovering over open water for long periods.,"Tadoba Andhari Tiger Reserve, Shirkada Gate"
21,Little Egret,https://aaejae.github.io/ornithoQuiz/Alexa_Little_Egret.mp3,,,https://aaejae.github.io/ornithoQuiz/Little_Egret.png,,,"Kilchia, Bagla, Karchiya Bagla","Lahan Bagla, Khuchat, Pandhra Bagla","Often called the ""Saint of the Water"" because it stands still like a meditating monk.",Pelecaniformes,Ardeidae,Egretta,Egretta garzetta,Pan-India,"Wetlands, Canals",Common,Least Concern,Has two long nape plumes during the breeding season.,"Tadoba Andhari Tiger Reserve, Shirkada Gate"
22,Spotted Owlet,https://aaejae.github.io/ornithoQuiz/Alexa_Spotted_Owlet.mp3,,,https://aaejae.github.io/ornithoQuiz/Spotted_Owlet.png,,,"Khusatia, Chugad, Pencha","Pingla, Thipkewali Ghubad, Khusat","In Marathi lore, the Pingla is a messenger; its call is sometimes seen as an omen.",Strigiformes,Strigidae,Athene,Athene brama,Pan-India,"Urban trees, Old ruins",Common,Least Concern,"Often seen in pairs, bobbing their heads when curious.",Sanjay Gandhi National Park
23,Purple rumped Sunbird,https://aaejae.github.io/ornithoQuiz/Alexa_Purplerumped_Sunbird.mp3,,,https://aaejae.github.io/ornithoQuiz/Purplerumped_Sunbird.png,,,"Shakar-khora, Phul-chuki, Nilangi","Jambhlya-kamrecha Phulsungani, Shakar-khora",Known as 'Shakar-khora' (Sugar-eater) for its love of sweet flower nectar.,Passeriformes,Nectariniidae,Leptocoma,Leptocoma zeylonica,Peninsular India,"Gardens, Flowering trees",Common,Least Concern,"Female is plain, while the male shimmers like a jewel.",Yeoor Hills
24,Taiga Flycatcher,https://aaejae.github.io/ornithoQuiz/Alexa_Taiga_Flycatcher_Redthroated_Flycatcher.mp3,,,https://aaejae.github.io/ornithoQuiz/Taiga_Flycatcher_Redthroated_Flycatcher.png,,,"Chut-ki, Lal-kanth Chidi, Turra","Taiga Mase-mar, Lal-kanth, Chataki","A winter guest that makes a ""rattle"" sound like a small wooden toy.",Passeriformes,Muscicapidae,Ficedula,Ficedula albicilla,Pan-India (Winter),"Shady gardens, Groves",Common,Least Concern,Habitually flicks its tail upward while perched.,Yeoor Hills
25,Rufous Treepie,https://aaejae.github.io/ornithoQuiz/Alexa_Rufous_Treepie.mp3,,,https://aaejae.github.io/ornithoQuiz/Rufous_Treepie.png,,,"Mahalat, Mutri, Handi Chacha","Khatkhati, Takka-chor, Son-pakhru","Known as 'Takka-chor' (Coin-thief) because of its bold, inquisitive nature.",Passeriformes,Corvidae,Dendrocitta,Dendrocitta vagabunda,Pan-India,"Wooded areas, Parks",Common,Least Concern,"Member of the crow family with a very long, musical call.",Yeoor Hills
26,White breasted Waterhen,https://aaejae.github.io/ornithoQuiz/Alexa_Whitebreasted_Waterhen.mp3,,,https://aaejae.github.io/ornithoQuiz/Whitebreasted_Waterhen.png,,,"Dauk, Jal-murgi, Pan-murgi","Punwa, Jal-murgi, Pandhrya-chaticha","Its loud, metallic ""kwa-kwa"" call is often mistaken for a much larger animal.",Gruiformes,Rallidae,Amaurornis,Amaurornis phoenicurus,Pan-India,"Marshes, Garden drains",Common,Least Concern,Extremely shy; it jerks its short tail as it walks.,Yeoor Hills
27,Grey Wagtail,https://aaejae.github.io/ornithoQuiz/Alexa_Grey_Wagtail.mp3,,,https://aaejae.github.io/ornithoQuiz/Grey_Wagtail.png,,,"Khanjan, Dhoban, Sulemani","Dhobi, Rakhadi-parit, Khanjan",Known as 'Dhobi' (Washerman) because it wags its tail like someone beating clothes.,Passeriformes,Motacillidae,Motacilla,Motacilla cinerea,Pan-India (Winter),"Streams, Wet roads",Occasional,Least Concern,"Despite the name, it has a brilliant yellow belly in winter.","Tungareshwar Sanctuary, Maharashtra"
28,Yellow throated Sparrow,https://aaejae.github.io/ornithoQuiz/Alexa_Yellowthroated_Sparrow_Chestnutshouldered_Petronia.mp3,,,https://aaejae.github.io/ornithoQuiz/Yellowthroated_Sparrow_Chestnutshouldered_Petronia.png,,,"Jungli Chiria, Kaneri, Shila-chidi","Pivlya-kanthachi Chimani, Ran-chimani",Famously studied by Dr. Salim Ali; it sparked his lifelong passion for birds.,Passeriformes,Passeridae,Gymnornis,Gymnornis xanthocollis,Pan-India,"Scrub, Dry forest",Rare,Least Concern,A sparrow that prefers trees over human houses.,"Tungareshwar Sanctuary, Maharashtra"
29,Golden fronted Leafbird,https://aaejae.github.io/ornithoQuiz/Alexa_Goldenfronted_Leafbird_Goldenfronted_Chloropsis.mp3,,,https://aaejae.github.io/ornithoQuiz/Goldenfronted_Leafbird_Goldenfronted_Chloropsis.png,,,"Harewa, Sabz-baaz, Pat-pakhru","Son-kapaali Pan-pakhru, Harewa",An expert mimic; it can copy the calls of many other birds perfectly.,Passeriformes,Chloropseidae,Chloropsis,Chloropsis aurifrons,Pan-India,Leafy canopies,Occasional,Least Concern,Perfectly camouflaged; looks exactly like a bright green leaf.,"Tungareshwar Sanctuary, Maharashtra"
30,Vigors Sunbird,https://aaejae.github.io/ornithoQuiz/Alexa_Vigorss_Sunbird.mp3,,,https://aaejae.github.io/ornithoQuiz/Vigorss_Sunbird.png,,,"Sahyadri Shakar-khora, Lal-phulsungani","Vigorscha Phulsungani, Sahyadri","An endemic beauty of the Western Ghats, named after the zoologist N.A. Vigors.",Passeriformes,Nectariniidae,Aethopyga,Aethopyga vigorsii,Western Ghats,"Hill forests, Gardens",Common,Least Concern,Male has a brilliant crimson back and iridescent tail.,"Tungareshwar Sanctuary, Maharashtra"
31,Thick billed Flowerpecker,https://aaejae.github.io/ornithoQuiz/Alexa_Thickbilled_Flowerpecker.mp3,,,https://aaejae.github.io/ornithoQuiz/Thickbilled_Flowerpecker.png,,,"Phul-chuki, Choti-chidi","Jad-tochechi Phulsungani, Thipkewali",Instrumental in spreading Mistletoe (Banda) by eating the sticky berries.,Passeriformes,Dicaeidae,Dicaeum,Dicaeum agile,Pan-India,Tree canopies,Occasional,Least Concern,"Has a tiny, stout bill compared to the curved bill of sunbirds.","Tungareshwar Sanctuary, Maharashtra"
32,Puff throated Babbler,https://aaejae.github.io/ornithoQuiz/Alexa_Puffthroated_Babbler.mp3,,,https://aaejae.github.io/ornithoQuiz/Puffthroated_Babbler.png,,,"Gappa-baaz, Jhar-fari, Van-chidi","Thipkewala Satbhai, Khubalya, Gappa",Named for its habit of puffing out its white throat while singing.,Passeriformes,Pellorneidae,Pellorneum,Pellorneum ruficeps,Peninsular/Himalayas,"Forest floor, Scrub",Rare,Least Concern,Spends most of its time leaf-litter rummaging on the ground.,"Tungareshwar Sanctuary, Maharashtra"
33,Grey breasted Prinia,https://aaejae.github.io/ornithoQuiz/Alexa_Greybreasted_Prinia.mp3,,,https://aaejae.github.io/ornithoQuiz/Greybreasted_Prinia.png,,,"Phutki, Tin-tini, Mirgi","Rakhadi-potiya Prinia, Putaki","A tiny ""warbler"" that makes a loud, clicking ""zip-zip-zip"" sound.",Passeriformes,Cisticolidae,Prinia,Prinia hodgsonii,Pan-India,"Tall grass, Gardens",Common,Least Concern,"Its nest is a neatly stitched leaf, similar to a Tailorbird.","Tungareshwar Sanctuary, Maharashtra"
34,Indian Paradise Flycatcher,https://aaejae.github.io/ornithoQuiz/Alexa_Indian_ParadiseFlycatcher.mp3,,,https://aaejae.github.io/ornithoQuiz/Indian_ParadiseFlycatcher.png,,,"Shah-bulbul, Dudhraj, Sultana Bulbul","Swargiya Mase-mar, Nartak, Dudhraj","Known as 'Dudhraj' (King of Milk) due to the male's long, white ribbon-like tail.",Passeriformes,Monarchidae,Terpsiphone,Terpsiphone paradisi,Pan-India,"Shady groves, Orchards",Occasional,Least Concern,State bird of Madhya Pradesh; changes from rufous to white as it ages.,"Tungareshwar Sanctuary, Maharashtra"
35,Black naped Monarch,https://aaejae.github.io/ornithoQuiz/Alexa_Blacknaped_Monarch.mp3,,,https://aaejae.github.io/ornithoQuiz/Blacknaped_Monarch.png,,,"Neel-tuttia, Kala-kantha","Neel-mani, Kala-manat, Neela Mase-mar","The ""Azure jewel"" of the forest; the male is a shocking electric blue.",Passeriformes,Monarchidae,Hypothymis,Hypothymis azurea,Pan-India,"Bamboo, Thickets",Occasional,Least Concern,"Has a distinct black ""patch"" on the back of its head (nape).","Tungareshwar Sanctuary, Maharashtra"
36,Bronzed Drongo,https://aaejae.github.io/ornithoQuiz/Alexa_Bronzed_Drongo.mp3,,,https://aaejae.github.io/ornithoQuiz/Bronzed_Drongo.png,,,"Chota Bhujanga, Kal-kalchi","Chota Kotwal, Tamdi-chaki, Bhujanga","A small, glossy bird that fiercely protects its territory from larger raptors.",Passeriformes,Dicruridae,Dicrurus,Dicrurus aeneus,Hills / Ghats,Moist deciduous forest,Rare,Least Concern,Its plumage has a metallic bronze and green sheen.,"Tungareshwar Sanctuary, Maharashtra"
37,Small Minivet,https://aaejae.github.io/ornithoQuiz/Alexa_Small_Minivet.mp3,,,https://aaejae.github.io/ornithoQuiz/Small_Minivet.png,,,"Raja-lal, Saheli, Nanha Saheli","Lahan Minivet, Agni-shikha","Known as 'Saheli' (Friend) because they always move in cheerful, colorful groups.",Passeriformes,Campephagidae,Pericrocotus,Pericrocotus cinnamomeus,Pan-India,"Tree-tops, Gardens",Common,Least Concern,Males are bright orange and black; females are yellow and grey.,"Tungareshwar Sanctuary, Maharashtra"
38,Brown headed Barbet,https://aaejae.github.io/ornithoQuiz/Alexa_Brownheaded_Barbet.mp3,,,https://aaejae.github.io/ornithoQuiz/Brownheaded_Barbet.png,,,"Basanta, Bada-basanta, Kath-phodwa","Hirva Tambat, Koturga, Kudurga","Its monotonous ""kutroo-kutroo"" call is the quintessential sound of Indian summers.",Piciformes,Megalaimidae,Psilopogon,Psilopogon zeylanicus,Pan-India,Urban trees (Peepal/Banyan),Common,Least Concern,"Large green bird with a brown head and a heavy, pale bill.","Tungareshwar Sanctuary, Maharashtra"
39,Shikra,https://aaejae.github.io/ornithoQuiz/Alexa_Shikra.mp3,,,https://aaejae.github.io/ornithoQuiz/Shikra.png,,,"Shikra, Chota Baaz, Kupak","Shikra, Sasana, Bahiri",The most common hawk in Indian cities; a symbol of speed and precision.,Accipitriformes,Accipitridae,Accipiter,Accipiter badius,Pan-India,All habitats,Common,Least Concern,"Often seen being ""mobbed"" by crows and mynas.","Tungareshwar Sanctuary, Maharashtra"
40,Tree Pipit,https://aaejae.github.io/ornithoQuiz/Alexa_Tree_Pipit.mp3,,,https://aaejae.github.io/ornithoQuiz/Tree_Pipit.png,,,"Charchari, Rugel, Bagel","Puneri Pipit, Vruksh-pipit",A winter traveler that looks like a sparrow but walks with a graceful wag.,Passeriformes,Motacillidae,Anthus,Anthus trivialis,Pan-India (Winter),"Open woods, Parks",Occasional,Least Concern,"Perches on trees when flushed, unlike other pipits that stay on ground.","Bhopar grasslands, Thane"
41,Red Avadavat,https://aaejae.github.io/ornithoQuiz/Alexa_Red_Avadavat.mp3,,,https://aaejae.github.io/ornithoQuiz/Red_Avadavat.png,,,"Lal Munia, Surkha, Tamdi","Lal Munia, Tamda-pakhru",Often called 'Lal' (Red) for its ruby plumage; it's a favorite in old bird-keeping folk songs.,Passeriformes,Estrildidae,Amandava,Amandava amandava,Pan-India,Tall grass near water,Occasional,Least Concern,The only Munia that develops a bright red breeding plumage.,"Bhopar grasslands, Thane"
42,Tricolored Munia,https://aaejae.github.io/ornithoQuiz/Alexa_Tricolored_Munia_Blackheaded_Munia.mp3,,,https://aaejae.github.io/ornithoQuiz/Tricolored_Munia_Blackheaded_Munia.png,,,"Nakal-nor, Telia Munia","Tikaliwali Munia, Teen-rangi","Known for its distinctive ""three-color"" pattern (black, white, and chocolate).",Passeriformes,Estrildidae,Lonchura,Lonchura malacca,South & Central India,"Reeds, Grasslands",Rare,Least Concern,"Has a heavy, pale blue ""seed-cracking"" bill.","Bhopar grasslands, Thane"
43,Scaly breasted Munia,https://aaejae.github.io/ornithoQuiz/Alexa_Scalybreasted_Munia_Spotted_Munia.mp3,,,https://aaejae.github.io/ornithoQuiz/Scalybreasted_Munia_Spotted_Munia.png,,,"Seeni Baz, Telia Munia","Thipkewali Munia, Seeni",Often called 'Nutmeg Mannikin' due to the scale-like brown patterns on its chest.,Passeriformes,Estrildidae,Lonchura,Lonchura punctulata,Pan-India,"Grassland, Gardens",Common,Least Concern,"Moves in large, social ""clouds"" that undulate in flight.","Bhopar grasslands, Thane"
44,Pale billed Flowerpecker,https://aaejae.github.io/ornithoQuiz/Alexa_Palebilled_Flowerpecker.mp3,,,https://aaejae.github.io/ornithoQuiz/Palebilled_Flowerpecker.png,,,"Phul-chuki, Choti-chidi","Phulsungani, Lahan-tochecha","Folklore says it ""plants"" trees; it's the primary spreader of the parasite Mistletoe.",Passeriformes,Dicaeidae,Dicaeum,Dicaeum erythrorhynchos,Pan-India,Fruiting trees,Common,Least Concern,"Smallest bird in India; its call is a sharp, metallic ""tika-tika.""","Bhopar grasslands, Thane"
45,Pied Bushchat,https://aaejae.github.io/ornithoQuiz/Alexa_Pied_Bushchat.mp3,,,https://aaejae.github.io/ornithoQuiz/Pied_Bushchat.png,,,"Kala Pidda, Kala-chiria","Kawadi Gappa, Pidda","In rural lore, seeing a male Pied Bushchat is a sign of a steady, hardworking day ahead.",Passeriformes,Muscicapidae,Saxicola,Saxicola caprata,Pan-India,"Open fields, Scrub",Common,Least Concern,Male is jet black with white wing-patches; female is dull brown.,"Bhopar grasslands, Thane"
46,Siberian Stonechat,https://aaejae.github.io/ornithoQuiz/Alexa_Siberian_Stonechat_Common_Stonechat.mp3,,,https://aaejae.github.io/ornithoQuiz/Siberian_Stonechat_Common_Stonechat.png,,,"Pathar-chiria, Chat-ki","Rakhadi Gappa, Dagadi-chataki",A winter traveler that always perches on the very tip of a weed or stalk.,Passeriformes,Muscicapidae,Saxicola,Saxicola maurus,Pan-India (Winter),"Grasslands, Fallow land",Common,Least Concern,Its call sounds like two small stones being clicked together.,"Bhopar grasslands, Thane"
47,Bluethroat,https://aaejae.github.io/ornithoQuiz/Alexa_Bluethroat.mp3,,,https://aaejae.github.io/ornithoQuiz/Bluethroat.png,,,"Nil-kanthi, Husaini-pidda","Neela-kantha, Nil-potiya","Regarded as a ""hidden gem"" because it stays deep in the reeds, revealing its blue throat only when singing.",Passeriformes,Muscicapidae,Luscinia,Luscinia svecica,Pan-India (Winter),"Marshes, Wet bushes",Rare,Least Concern,A master mimic that can imitate the songs of other birds.,"Bhopar grasslands, Thane"
48,Rosy Starling,https://aaejae.github.io/ornithoQuiz/Alexa_Rosy_Starling.mp3,,,https://aaejae.github.io/ornithoQuiz/Rosy_Starling.png,,,"Gulabi Maina, Tilyer, Wahsh","Gulaabi Maina, Bhajya","Known as 'Bhajya' in Marathi because they arrive in massive ""noisy"" swarms like a wedding party.",Passeriformes,Sturnidae,Pastor,Pastor roseus,West & Central India,"Agriculture, Orchards",Common,Least Concern,Migrates all the way from Central Asia to feast on Indian locusts and nectar.,"Bhopar grasslands, Thane"
49,Barn Swallow,https://aaejae.github.io/ornithoQuiz/Alexa_Barn_Swallow.mp3,,,https://aaejae.github.io/ornithoQuiz/Barn_Swallow.png,,,"Ababil, Nakti, Akas-deeya","Ababil, Vihir-pakhru",Traditionally seen as a harbinger of luck; they often nest in old porches or eaves.,Passeriformes,Hirundinidae,Hirundo,Hirundo rustica,Pan-India (Winter),Over water & Fields,Common,Least Concern,"Distinguished by its long ""streamers"" (forked tail).","Bhopar grasslands, Thane"
50,Blyth's Reed Warbler,https://aaejae.github.io/ornithoQuiz/Alexa_Blyths_Reed_Warbler.mp3,,,https://aaejae.github.io/ornithoQuiz/Blyths_Reed_Warbler.png,,,"Tik-tiki, Podna","Reeda-warbler, Tiktiki","A ""skulker"" that is heard more than seen; its song is a complex, endless chatter.",Passeriformes,Acrocephalidae,Acrocephalus,Acrocephalus dumetorum,Pan-India (Winter),"Bushes, Gardens",Common,Least Concern,Travels thousands of kilometers from Siberia to spend winter in Indian garden hedges.,"Bhopar grasslands, Thane"
51,Zitting Cisticola,https://aaejae.github.io/ornithoQuiz/Alexa_Zitting_Cisticola.mp3,,,https://aaejae.github.io/ornithoQuiz/Zitting_Cisticola.png,,,"Ghas-ki-fudki, Pidda","Ghas-phutki, Zitting","Named after its ""Zit-zit-zit"" call made during a unique dipping flight.",Passeriformes,Cisticolidae,Cisticola,Cisticola juncidis,Pan-India,Tall grasslands,Occasional,Least Concern,"Builds a ""cloud-nest"" stitched together with spider webs and grass.","Bhopar grasslands, Thane"
52,Oriental Skylark,https://aaejae.github.io/ornithoQuiz/Alexa_Oriental_Skylark.mp3,,,https://aaejae.github.io/ornithoQuiz/Oriental_Skylark.png,,,"Bharat, Chandul","Bharat, Akas-bharat",Famous in Urdu poetry (as Chandul) for its habit of singing while hovering high in the sky.,Passeriformes,Alaudidae,Alauda,Alauda gulgula,Pan-India,"Open plains, Grasslands",Rare,Least Concern,"Has a vertical ""soaring"" song flight that can last for minutes.","Bhopar grasslands, Thane"
53,Ashy crowned Sparrow Lark,https://aaejae.github.io/ornithoQuiz/Alexa_Ashycrowned_SparrowLark_Ashycrowned_FinchLark.mp3,,,https://aaejae.github.io/ornithoQuiz/Ashycrowned_SparrowLark_Ashycrowned_FinchLark.png,,,"Diyora, Dabak-chiri",Rakhadi-mukat Bharat,Known as 'Dabak-chiri' (Crouching bird) because it flattens itself against the earth to vanish.,Passeriformes,Alaudidae,Eremopterix,Eremopterix griseus,Pan-India,Dry open ground,Occasional,Least Concern,The male has a striking black-and-white face mask and ashy crown.,"Bhopar grasslands, Thane"
54,Rufous tailed Lark,https://aaejae.github.io/ornithoQuiz/Alexa_Rufoustailed_Lark.mp3,,,https://aaejae.github.io/ornithoQuiz/Rufoustailed_Lark.png,,,"Chandul, Aggia",Tambat-shepti Bharat,Named 'Aggia' (Fiery) in some regions due to the reddish-brown tint of its tail.,Passeriformes,Alaudidae,Ammomanes,Ammomanes phoenicura,Central/Peninsular India,"Stony plains, Fallow fields",Rare,Least Concern,Prefers running on the ground rather than flying when disturbed.,"Bhopar grasslands, Thane"
55,Large billed Crow,https://aaejae.github.io/ornithoQuiz/Alexa_Largebilled_Crow.mp3,,,https://aaejae.github.io/ornithoQuiz/Largebilled_Crow.png,,,"Jungli Kauwa, Pahadi Kauwa","Dom-kawla, Ran-kawla","In many cultures, its deep caw is said to be a message from the ancestors.",Passeriformes,Corvidae,Corvus,Corvus macrorhynchos,Pan-India,"Forests, Urban edges",Common,Least Concern,"Larger and much ""blacker"" than the House Crow, with a massive arched bill.","Bhopar grasslands, Thane"
56,House Crow,https://aaejae.github.io/ornithoQuiz/Alexa_House_Crow.mp3,,,https://aaejae.github.io/ornithoQuiz/House_Crow.png,,,"Kauwa, Desi Kauwa","Kawla, Ghar-kawla",A symbol of cleverness; folk tales often depict them outsmarting other animals.,Passeriformes,Corvidae,Corvus,Corvus splendens,Pan-India,Human settlements,Common,Least Concern,"One of the most intelligent bird species, capable of tool use.","Bhopar grasslands, Thane"
57,Long tailed Shrike,https://aaejae.github.io/ornithoQuiz/Alexa_Longtailed_Shrike.mp3,,,https://aaejae.github.io/ornithoQuiz/Longtailed_Shrike.png,,,"Latorra, Kajala","Khatkhati, Lahan Latorra",Known as 'Latorra' (Butcher bird) because it impales its prey on thorns to eat later.,Passeriformes,Laniidae,Lanius,Lanius schach,Pan-India,"Open scrub, Gardens",Common,Least Concern,"A fierce predator of insects and small lizards; has a distinct black ""Zorro"" mask.","Bhopar grasslands, Thane"
58,Blue tailed Bee eater,https://aaejae.github.io/ornithoQuiz/Alexa_Bluetailed_Beeeater.mp3,,,https://aaejae.github.io/ornithoQuiz/Bluetailed_Beeeater.png,,,"Bada Patringa, Nil-puch",Nil-shepti Patringa,A seasonal migrant often seen near larger water bodies catching dragonflies.,Coraciiformes,Meropidae,Merops,Merops philippinus,Pan-India,"Near wetlands, Canals",Occasional,Least Concern,"Has a distinctive blue tail and rump, visible when it glides.","Bhopar grasslands, Thane"
59,Asian Green Bee eater,https://aaejae.github.io/ornithoQuiz/Alexa_Asian_Green_Beeeater.mp3,,,https://aaejae.github.io/ornithoQuiz/Asian_Green_Beeeater.png,,,"Patringa, Harial","Veda-raghu, Patringa","Its Marathi name 'Veda-raghu' (Mad Raghu) refers to its erratic, acrobatic hunting flights.",Coraciiformes,Meropidae,Merops,Merops orientalis,Pan-India,"Gardens, Farmland",Common,Least Concern,"Frequently seen sitting on electric wires, ""sallying"" out to catch bees.","Bhopar grasslands, Thane"
60,Western Marsh Harrier,https://aaejae.github.io/ornithoQuiz/Alexa_Western_Marsh_Harrier.mp3,,,https://aaejae.github.io/ornithoQuiz/Western_Marsh_Harrier.png,,,"Safed-sira, Chuha-mar","Pan-sasana, Marsh Harrier",Known as 'Chuha-mar' (Rat-killer) as it hunts rodents by gliding low over marshes.,Accipitriformes,Accipitridae,Circus,Circus aeruginosus,Pan-India (Winter),"Large wetlands, Lakes",Rare,Least Concern,The largest of the harriers; females are chocolate brown with a cream-colored crown.,"Bhopar grasslands, Thane"
61,Black winged Kite,https://aaejae.github.io/ornithoQuiz/Alexa_Blackwinged_Kite_Blackshouldered_Kite.mp3,,,https://aaejae.github.io/ornithoQuiz/Blackwinged_Kite_Blackshouldered_Kite.png,,,"Kapassi, Masunwa","Kapassi, ?????? ??? (Pandhra Ghar)",Named 'Kapassi' (Cotton-like) because its pure white plumage resembles a burst cotton boll.,Accipitriformes,Accipitridae,Elanus,Elanus caeruleus,Pan-India,"Open fields, Grasslands",Occasional,Least Concern,One of the few raptors that can hover steadily like a helicopter.,"Bhopar grasslands, Thane"
62,Purple Heron,https://aaejae.github.io/ornithoQuiz/Alexa_Purple_Heron.mp3,,,https://aaejae.github.io/ornithoQuiz/Purple_Heron.png,,,"Nari, Lal Anjan, Nilanjan","Jambhala Bagla, Koke, Jambhala Dhok","Often called the ""Patient Monk"" because it stands still for hours waiting for fish.",Pelecaniformes,Ardeidae,Ardea,Ardea purpurea,Pan-India,"Reedy marshes, Lakes",Rare,Least Concern,"Sinuous, snake-like neck with distinct dark stripes.","Bhopar grasslands, Thane"
63,Great Egret,https://aaejae.github.io/ornithoQuiz/Alexa_Great_Egret.mp3,,,https://aaejae.github.io/ornithoQuiz/Great_Egret.png,,,"Bada Bagla, Tar-bagla, Malang","Motha Bagla, Thorala Bagla, Motha Dhok","Legend says their purity of color represents the ""white light"" of truth in nature.",Pelecaniformes,Ardeidae,Ardea,Ardea alba,Pan-India,"Lakes, Estuaries",Occasional,Least Concern,"The largest white egret; develops long, lacy plumes during breeding season.","Bhopar grasslands, Thane"
64,Indian Pond Heron,https://aaejae.github.io/ornithoQuiz/Alexa_Indian_PondHeron.mp3,,,https://aaejae.github.io/ornithoQuiz/Indian_PondHeron.png,,,"Bagla, Khuncha, Andha-bagla","Tambadkhau, Khuncha, Bhura Bagla","Known as ""Andha-bagla"" (Blind Heron) because it stays invisible until it flies.",Pelecaniformes,Ardeidae,Ardeola,Ardeola grayii,Pan-India,Any small water body,Common,Least Concern,Incredible camouflage; looks earthy brown until it reveals white wings.,"Bhopar grasslands, Thane"
65,Black crowned Night Heron,https://aaejae.github.io/ornithoQuiz/Alexa_Blackcrowned_Night_Heron.mp3,,,https://aaejae.github.io/ornithoQuiz/Blackcrowned_Night_Heron.png,,,"Kwaak, Rat-bagla, Chhota Bagla","Ratrabagla, Kwaak, Nishachara","Thought to be a ""spirit bird"" that guards the waters during the moon's reign.",Pelecaniformes,Ardeidae,Nycticorax,Nycticorax nycticorax,Pan-India,Wooded wetlands,Occasional,Least Concern,Nocturnal hunters with striking red eyes and long white nape feathers.,"Bhopar grasslands, Thane"
66,Black headed Ibis,https://aaejae.github.io/ornithoQuiz/Alexa_Blackheaded_Ibis.mp3,,,https://aaejae.github.io/ornithoQuiz/Blackheaded_Ibis.png,,,"Munda, Safed Baza, Kachator","Pandhara Ati, Kanch, Safed Ati","Ancient lore links them to the cycle of water, appearing when the floods recede.",Pelecaniformes,Threskiornithidae,Threskiornis,Threskiornis melanocephalus,Pan-India,Marshy wetlands,Occasional,Near Threatened,Naked black head and neck contrasting with a pure white body.,"Bhopar grasslands, Thane"
67,Glossy Ibis,https://aaejae.github.io/ornithoQuiz/Alexa_Glossy_Ibis.mp3,,,https://aaejae.github.io/ornithoQuiz/Glossy_Ibis.png,,,"Kawari, Chhota Baza, Mor-bagla","Chakaknara Ati, Tamra Ati, Chimanyacha Ati","Believed to be ""fire-touched"" birds because of their metallic bronze shimmer.",Pelecaniformes,Threskiornithidae,Plegadis,Plegadis falcinellus,Pan-India,Shallow wetlands,Rare,Least Concern,Plumage appears black from afar but glows maroon and green up close.,"Bhopar grasslands, Thane"
68,Little Cormorant,https://aaejae.github.io/ornithoQuiz/Alexa_Little_Cormorant.mp3,,,https://aaejae.github.io/ornithoQuiz/Little_Cormorant.png,,,"Pan-kowwa, Jal-kauwa, Jogiya","Lahan Pankawla, Chhota Pankawla, Jalkauwa","Locals say they are ""underwater crows"" who traded their songs for swimming skills.",Suliformes,Phalacrocoracidae,Microcarbo,Microcarbo niger,Pan-India,"Ponds, Tanks",Common,Least Concern,"Expert diver that lacks waterproof oil, needing to sun-dry its wings.","Bhopar grasslands, Thane"
69,Painted Stork,https://aaejae.github.io/ornithoQuiz/Alexa_Painted_Stork.mp3,,,https://aaejae.github.io/ornithoQuiz/Painted_Stork.png,,,"Janghil, Dokh, Ghangar","Chitrabalak, Janghil, Rangit Balak","Known as ""Soldier Birds"" because they stand in disciplined rows in colonies.",Ciconiiformes,Ciconiidae,Mycteria,Mycteria leucocephala,Pan-India,Large wetlands,Occasional,Near Threatened,"Features a yellow bill, pink ""painted"" tail feathers, and a black chest band.","Bhopar grasslands, Thane"
70,Asian Openbill,https://aaejae.github.io/ornithoQuiz/Alexa_Asian_Openbill.mp3,,,https://aaejae.github.io/ornithoQuiz/Asian_Openbill.png,,,"Ghonghila, Ghonghil, Dokh","Ughadya Chochicha Karkoch, Ghonghil, Dokh","Folklore says they leave a gap in their beak to let the ""breath of life"" pass through.",Ciconiiformes,Ciconiidae,Anastomus,Anastomus oscitans,Pan-India,"Rice fields, Lakes",Occasional,Least Concern,Gap in the beak is a specialized tool for prying open snail shells.,"Bhopar grasslands, Thane"
71,Wood Sandpiper,https://aaejae.github.io/ornithoQuiz/Alexa_Wood_Sandpiper.mp3,,,https://aaejae.github.io/ornithoQuiz/Wood_Sandpiper.png,,,"Chupka, Tittvari, Balu-chidda","Thipakya Tutwar, Rana Tutwar, Chupka","Seen as the ""nomads of the mud,"" constantly bobbing their tails in a dance.",Charadriiformes,Scolopacidae,Tringa,Tringa glareola,Pan-India (Winter),Marsh edges,Occasional,Least Concern,"Heavily spotted upperparts and a distinct white ""eyebrow.""","Bhopar grasslands, Thane"
72,Green Sandpiper,https://aaejae.github.io/ornithoQuiz/Alexa_Green_Sandpiper.mp3,,,https://aaejae.github.io/ornithoQuiz/Green_Sandpiper.png,,,"Hara Chupka, Tittvari","Hirwa Tutwar, Hirwa Chupka, Tutwar","Often mistaken for a forest spirit due to its dark, greenish-black wings.",Charadriiformes,Scolopacidae,Tringa,Tringa ochropus,Pan-India (Winter),"Streams, Ditches",Occasional,Least Concern,Very dark wings that contrast sharply with a pure white rump in flight.,"Bhopar grasslands, Thane"
73,Common Sandpiper,https://aaejae.github.io/ornithoQuiz/Alexa_Common_Sandpiper.mp3,,,https://aaejae.github.io/ornithoQuiz/Common_Sandpiper.png,,,"Chhota Chupka, Tittvari","Samanya Tutwar, Chhota Tutwar, Tutwar","Said to be ""nervous birds"" because they never stop wagging their tails.",Charadriiformes,Scolopacidae,Actitis,Actitis hypoleucos,Pan-India,"Riverbanks, Coasts",Common,Least Concern,Distinctive stiff-winged flight low over the water.,"Bhopar grasslands, Thane"
74,Common Snipe,https://aaejae.github.io/ornithoQuiz/Alexa_Common_Snipe.mp3,,,https://aaejae.github.io/ornithoQuiz/Common_Snipe.png,,,"Chaha, Pakhi, Kadakhocha","Panlawa, Chaha, Kadakhocha","Famous for ""drumming"" sounds made by tail feathers during aerial displays.",Charadriiformes,Scolopacidae,Gallinago,Gallinago gallinago,Pan-India (Winter),Marshy muddy edges,Rare,Least Concern,"Incredible camouflage and a very long, sensitive straight bill.","Bhopar grasslands, Thane"
75,Red wattled Lapwing,https://aaejae.github.io/ornithoQuiz/Alexa_Redwattled_Lapwing.mp3,,,https://aaejae.github.io/ornithoQuiz/Redwattled_Lapwing.png,,,"Titiri, Titeeri, Hatatit","Titwi, Hatatit, Titiri","If a Titwi cries at night, it's a warning that a predator or thief is near.",Charadriiformes,Charadriidae,Vanellus,Vanellus indicus,Pan-India,Open fields near water,Common,Least Concern,"Famous for its ""Did-he-do-it?"" call and red fleshy face-wattle.","Bhopar grasslands, Thane"
76,Black winged Stilt,https://aaejae.github.io/ornithoQuiz/Alexa_Blackwinged_Stilt.mp3,,,https://aaejae.github.io/ornithoQuiz/Blackwinged_Stilt.png,,,"Gaj-paon, Tingri, Lam-tora","Shekatya, Lamb-paya, Gaj-paon","Named ""Shekatya"" in Marathi because its long legs look like stilts (shekati).",Charadriiformes,Recurvirostridae,Himantopus,Himantopus himantopus,Pan-India,"Salt pans, Marshes",Common,Least Concern,Has the longest legs in proportion to its body size of any bird.,"Bhopar grasslands, Thane"
77,Grey headed Swamphen,https://aaejae.github.io/ornithoQuiz/Alexa_Greyheaded_Swamphen_Purple_Swamphen.mp3,,,https://aaejae.github.io/ornithoQuiz/Greyheaded_Swamphen_Purple_Swamphen.png,,,"Kaim, Khonch-pakshi, Kalim","Jambhali Pankombdi, Kaim, Nil-pankombdi","Legend says they are ""water queens"" who wear a red crown (frontal shield).",Gruiformes,Rallidae,Porphyrio,Porphyrio poliocephalus,Pan-India,Reed beds,Occasional,Least Concern,"Huge red feet and a bright red ""shield"" on the forehead.","Bhopar grasslands, Thane"
78,Northern Pintail,https://aaejae.github.io/ornithoQuiz/Alexa_Northern_Pintail.mp3,,,https://aaejae.github.io/ornithoQuiz/Northern_Pintail.png,,,"Seekh-par, Digosh, Sindhiya","Ankuchidar Sheptiche Badak, Seekh-par, Sindhiya","Known as the ""Elegant Traveler"" for its sleek, aristocratic silhouette.",Anseriformes,Anatidae,Anas,Anas acuta,Pan-India (Winter),Large lakes,Occasional,Least Concern,"Males have a long, pin-like central tail feather.","Bhopar grasslands, Thane"
79,Indian Spot billed Duck,https://aaejae.github.io/ornithoQuiz/Alexa_Indian_Spotbilled_Duck.mp3,,,https://aaejae.github.io/ornithoQuiz/Indian_Spotbilled_Duck.png,,,"Garmpai, Gugral, Desi Duck","Thipakya Chochiche Badak, Garmpai, Gugral","Often called the ""Smiling Duck"" because of the yellow tip on its beak.",Anseriformes,Anatidae,Anas,Anas poecilorhyncha,Pan-India,Freshwater lakes,Common,Least Concern,"Unlike many ducks, it is non-migratory and stays in India year-round.","Bhopar grasslands, Thane"
80,Jungle Babbler,https://aaejae.github.io/ornithoQuiz/Alexa_Jungle_Babbler.mp3,,,https://aaejae.github.io/ornithoQuiz/Jungle_Babbler.png,,,"Sat-bhai, Chatarhiya, Peng","Satbhai, Khekheta, Kadam","Known as ""Seven Brothers"" because they are always found in noisy groups.",Passeriformes,Leiothrichidae,Argya,Argya striata,Pan-India,"Gardens, Woodlands",Common,Least Concern,Highly social birds that hunt and defend territory together.,"Neelkanth Valley, Dhokali"
81,Dusky Crag Martin,https://aaejae.github.io/ornithoQuiz/Alexa_Dusky_CragMartin.mp3,,,https://aaejae.github.io/ornithoQuiz/Dusky_CragMartin.png,,,"Chattan-ababil, Gair-ababil","Porkilla, Ababil, Chattan Ababil","Said to be the ""Guardians of Forts,"" nesting in the high crevices of history.",Passeriformes,Hirundinidae,Ptyonoprogne,Ptyonoprogne concolor,Hilly India,"Cliffs, Old forts",Occasional,Least Concern,A soot-brown swallow that builds mud-cup nests on vertical cliffs.,"Neelkanth Valley, Dhokali"
82,Ashy Drongo,https://aaejae.github.io/ornithoQuiz/Alexa_Ashy_Drongo.mp3,,,https://aaejae.github.io/ornithoQuiz/Ashy_Drongo.png,,,"Nil-bhujanga, Kala-bhujanga","Rakhi Kotwal, Bhila Kotwal, Nil-bhujanga","Often called the ""Grey Ghost"" for its silent, swift aerial strikes on insects.",Passeriformes,Dicruridae,Dicrurus,Dicrurus leucophaeus,"Himalayas, Ghats","Forests, Hill stations",Rare,Least Concern,Slimmer than the Black Drongo with striking ruby-red eyes.,"Neelkanth Valley, Dhokali"
83,Indian Roller,https://aaejae.github.io/ornithoQuiz/Alexa_Indian_Roller.mp3,,,https://aaejae.github.io/ornithoQuiz/Indian_Roller.png,,,"Neelkanth, Sabzak, Magun","Nilkanth, Tas, Chash",Sighting it on Dussehra is lucky as it represents Lord Shiva.,Coraciiformes,Coraciidae,Coracias,Coracias benghalensis,Pan-India,"Grasslands, Cultivation",Common,Least Concern,Stunning blue wings visible only in flight.,"Rani ki Vav, Gujrat"
84,Red naped Ibis,https://aaejae.github.io/ornithoQuiz/Alexa_Rednaped_Ibis_Indian_Black_Ibis.mp3,,,https://aaejae.github.io/ornithoQuiz/Rednaped_Ibis_Indian_Black_Ibis.png,,,"Dhanesh, Chakotra, Grey Dhanesh","Bhinas, Dhanesh, Karval",It is believed to drink only raindrops; its call heralds the monsoon.,Bucerotiformes,Bucerotidae,Ocyceros,Ocyceros birostris,Pan-India,"Wooded areas, Urban avenues",Common,Least Concern,Females are sealed inside tree hollows during nesting.,"Rani ki Vav, Gujrat"
85,White bellied Drongo,https://aaejae.github.io/ornithoQuiz/Alexa_Whitebellied_Drongo.mp3,,,https://aaejae.github.io/ornithoQuiz/Whitebellied_Drongo.png,,,"Bujanga, Kotwal, Kalsira","Kotwal, Ghosia, Govind",Legend says it got its forked tail by snatching a fish from a celestial fire.,Passeriformes,Dicruridae,Dicrurus,Dicrurus macrocercus,Pan-India,"Farmlands, Open country",Common,Least Concern,Fearlessly attacks larger raptors to protect its territory.,Yeoor Hills
86,Plum headed Parakeet,https://aaejae.github.io/ornithoQuiz/Alexa_Plumheaded_Parakeet.mp3,,,https://aaejae.github.io/ornithoQuiz/Plumheaded_Parakeet.png,,,"Tuia tota, Desi tota, Lal-sira","Tuiya, Kir, Popat",Often depicted in ancient poetry as a messenger between separated lovers.,Psittaciformes,Psittaculidae,Psittacula,Psittacula cyanocephala,Hilly tracts,"Forest edges, Orchards",Occasional,Least Concern,The male's head looks like a ripe plum; females have grey heads.,Yeoor Hills
87,Indian Grey Hornbill,https://aaejae.github.io/ornithoQuiz/Alexa_Indian_Grey_Hornbill.mp3,,,https://aaejae.github.io/ornithoQuiz/Indian_Grey_Hornbill.png,,,"Pilak, Sonchidi, Peet-chataka","Haladya, Amrakhi, Suvarnamashak","It is said the bird ""stole"" the color of turmeric to hide among yellow fruits.",Passeriformes,Oriolidae,Oriolus,Oriolus kundoo,Pan-India,"Deciduous forests, Gardens",Occasional,Least Concern,"Has a distinct, liquid, flute-like whistle.",Yeoor Hills
88,Greater Racket tailed Drongo,https://aaejae.github.io/ornithoQuiz/Alexa_Greater_Rackettailed_Drongo.mp3,,,https://aaejae.github.io/ornithoQuiz/Greater_Rackettailed_Drongo.png,,,"Dogra Cheel, Furj Baj, Serpent Eagle","Tikha sarpagarud, Khada munjal",Forest tribes believe its loud scream warns of a lurking tiger or leopard.,Accipitriformes,Accipitridae,Spilornis,Spilornis cheela,Wooded India,Forests near water,Rare,Least Concern,Features a prominent black and white speckled crest.,Sanjay Gandhi National Park
89,Indian Golden Oriole,https://aaejae.github.io/ornithoQuiz/Alexa_Indian_Golden_Oriole.mp3,,,https://aaejae.github.io/ornithoQuiz/Indian_Golden_Oriole.png,,,"Dhayal, Kala-safed Chidda","Dhayal, Kalvit, Suray",Seen as a symbol of domestic peace; its song marks the start of spring.,Passeriformes,Muscicapidae,Copsychus,Copsychus saularis,Pan-India,"Gardens, Scrub",Common,Least Concern,Cocking its tail up and down while singing beautifully.,Sanjay Gandhi National Park
90,Jerdons Leafbird,https://aaejae.github.io/ornithoQuiz/Alexa_Jerdons_Leafbird_Jerdons_Chloropsis.mp3,,,https://aaejae.github.io/ornithoQuiz/Jerdons_Leafbird_Jerdons_Chloropsis.png,,,"Baza, Kala Baz, Chhota Ibis","Kala Ati, Lal-man","Often associated with the ""all-seeing"" eye due to its striking red head patches.",Pelecaniformes,Threskiornithidae,Pseudibis,Pseudibis papillosa,Pan-India,"Lakesides, Rooftops",Occasional,Least Concern,"Distinctive crimson ""cap"" of warts on a black head.",Karnala Bird Sanctuary
91,White rumped Shama,https://aaejae.github.io/ornithoQuiz/Alexa_Whiterumped_Shama.mp3,,,https://aaejae.github.io/ornithoQuiz/Whiterumped_Shama.png,,,"Bairi, Shaheen, Kohi","Shaheen Sasana, Bahiri","Revered by Mughals as the ""King of the Sky"" for its unmatched hunting speed.",Falconiformes,Falconidae,Falco,Falco peregrinus,Pan-India (Winter),"Cliffs, High-rises",Rare,Least Concern,"The fastest animal on Earth, diving at over 320 km/h.",Karnala Bird Sanctuary
92,Black Drongo,https://aaejae.github.io/ornithoQuiz/Alexa_Black_Drongo.mp3,,,https://aaejae.github.io/ornithoQuiz/Black_Drongo.png,,,"Shakar khora, Phul-sunghni","Tamda Suryapashi, Phulchuphi","Known as ""Flower-kissers""; believed to carry the essence of flowers.",Passeriformes,Nectariniidae,Aethopyga,Aethopyga siparaja,"Himalayas, Ghats","Moist forests, Gardens",Rare,Least Concern,Vibrantly red with a brush-like tongue for nectar.,Karnala Bird Sanctuary
93,Peregrine Falcon,https://aaejae.github.io/ornithoQuiz/Alexa_Peregrine_Falcon.mp3,,,https://aaejae.github.io/ornithoQuiz/Peregrine_Falcon.png,,,"Bhringraj, Kasraj, Kalichidi","Bhringraj, Motha Kotwal","Considered the ""King of the Forest"" because other birds follow its lead.",Passeriformes,Dicruridae,Dicrurus,Dicrurus paradiseus,"Ghats, NE India",Deep Broadleaf forests,Rare,Least Concern,"Possesses two long outer tail feathers with ""rackets"" at the end.",Karnala Bird Sanctuary
94,Heart spotted Woodpecker,https://aaejae.github.io/ornithoQuiz/Alexa_Heartspotted_Woodpecker.mp3,,,https://aaejae.github.io/ornithoQuiz/Heartspotted_Woodpecker.png,,,Dil-dhabba Kathphodwa,Hriday-thipka sutar,Local woodcutters view it as a forest spirit that mimics the sound of chopping.,Piciformes,Picidae,Hemicircus,Hemicircus canente,Western Ghats,Wet Evergreen forests,Rare,Least Concern,Tiny woodpecker with distinct heart-shaped black spots.,Karnala Bird Sanctuary
95,Crested Serpent Eagle,https://aaejae.github.io/ornithoQuiz/Alexa_Crested_SerpentEagle.mp3,,,https://aaejae.github.io/ornithoQuiz/Crested_SerpentEagle.png,,,"Dogra Cheel, Furj Baj, Serpent Eagle","Tikha sarpagarud, Khada munjal",Forest tribes believe its loud scream warns of a lurking tiger.,Accipitriformes,Accipitridae,Spilornis,Spilornis cheela,Wooded India,Forests near water,Low,Least Concern,Features a prominent black and white speckled crest.,Karnala Bird Sanctuary
96,Eastern Cattle Egret,https://aaejae.github.io/ornithoQuiz/Alexa_Eastern_CattleEgret.mp3,,,https://aaejae.github.io/ornithoQuiz/Eastern_CattleEgret.png,,,"Surkhia, Bagla, Badami Bagla","Gani Bagla, Goi, Bel-bagla","Legend says they are ""friends of cows,"" removing pests as a divine service.",Pelecaniformes,Ardeidae,Bubulcus,Bubulcus coromandus,Pan-India,"Grasslands, Farmyards",Common,Least Concern,Follows livestock to catch insects stirred up by their hooves.,Karnala Bird Sanctuary
97,Crimson Sunbird,https://aaejae.github.io/ornithoQuiz/Alexa_Crimson_Sunbird.mp3,,,https://aaejae.github.io/ornithoQuiz/Crimson_Sunbird.png,,,"Shakar khora, Phul-sunghni","Tamda Suryapashi, Phulchuphi","Known as ""Flower-kissers""; believed to carry the essence of flowers.",Passeriformes,Nectariniidae,Aethopyga,Aethopyga siparaja,"Himalayas, Ghats","Moist forests, Gardens",Rare,Least Concern,Vibrantly red with a brush-like tongue for nectar.,Sanjay Gandhi National Park
98,Purple Sunbird,https://aaejae.github.io/ornithoQuiz/Alexa_Purple_Sunbird.mp3,,,https://aaejae.github.io/ornithoQuiz/Purple_Sunbird.png,,,"Shakar Khora, Phulsunghni","Jambhala Suryapashi, Phulchuphi","In folklore, they are ""jewels of the air"" that lost their size but kept their glitter.",Passeriformes,Nectariniidae,Cinnyris,Cinnyris asiaticus,Pan-India,"Gardens, Scrubland",Common,Least Concern,Males look black from a distance but shimmer purple in the sun.,Sanjay Gandhi National Park
99,Oriental Magpie Robin,https://aaejae.github.io/ornithoQuiz/Alexa_Oriental_MagpieRobin.mp3,,,https://aaejae.github.io/ornithoQuiz/Oriental_MagpieRobin.png,,,"Dhayal, Kala-safed Chidda","Dhayal, Kalvit, Suray",Seen as a symbol of domestic peace; its song marks the start of spring.,Passeriformes,Muscicapidae,Copsychus,Copsychus saularis,Pan-India,"Gardens, Scrub",Common,Least Concern,Cocking its tail up and down while singing beautifully.,Sanjay Gandhi National Park
100,Indian Robin,https://aaejae.github.io/ornithoQuiz/Alexa_Indian_Robin.mp3,,,https://aaejae.github.io/ornithoQuiz/Indian_Robin.png,,,"Kalchuri, Shyamachidi","Kalchuri, Chirak",Believed to be a brave bird that protected the nests of other birds from snakes.,Passeriformes,Muscicapidae,Copsychus,Copsychus fulicatus,Pan-India,"Dry scrub, Stone walls",Common,Least Concern,"Often cocks its tail high, exposing bright rusty-red under-tail feathers.",Sanjay Gandhi National Park
101,Common Myna,https://aaejae.github.io/ornithoQuiz/Alexa_Common_Myna.mp3,,,https://aaejae.github.io/ornithoQuiz/Common_Myna.png,,,"Desi Maina, Gutar, Myna","Salunkhi, Myna","A pair is a sign of joy; a lone Myna is traditionally (and jokingly) ""sorrow.""",Passeriformes,Sturnidae,Acridotheres,Acridotheres tristis,Pan-India,Everywhere,Common,Least Concern,Extremely bold and adaptable; can mimic human speech.,Sanjay Gandhi National Park
102,Red vented Bulbul,https://aaejae.github.io/ornithoQuiz/Alexa_Redvented_Bulbul.mp3,,,https://aaejae.github.io/ornithoQuiz/Redvented_Bulbul.png,,,"Bulbul, Guldum, Kala Bulbul","Bulbul, Lal-guda Bulbul","Once kept for ""Bulbul fights"" in local fairs due to their spirited nature.",Passeriformes,Pycnonotidae,Pycnonotus,Pycnonotus cafer,Pan-India,"Gardens, Scrub",Common,Least Concern,Identified by the bright red patch under its tail.,Sanjay Gandhi National Park
103,Red whiskered Bulbul,https://aaejae.github.io/ornithoQuiz/Alexa_Redwhiskered_Bulbul.mp3,,,https://aaejae.github.io/ornithoQuiz/Redwhiskered_Bulbul.png,,,"Pahari Bulbul, Kanera","Sipahi Bulbul, Kanera","Known as the ""Sipahi"" (Soldier) because its crest looks like a military cap.",Passeriformes,Pycnonotidae,Pycnonotus,Pycnonotus jocosus,"Hills, Wet regions","Orchards, Gardens",Occasional,Least Concern,"Has a distinctive tall black crest and red ""whiskers"" on the face.",Sanjay Gandhi National Park
104,Ashy Prinia,https://aaejae.github.io/ornithoQuiz/Alexa_Ashy_Prinia.mp3,,,https://aaejae.github.io/ornithoQuiz/Ashy_Prinia.png,,,"Phutki, Kala-pith Phutki","Rakhi Phutki, Vatvatya","Often called the ""Ghost of the Grass"" for how quickly it vanishes into shrubs.",Passeriformes,Cisticolidae,Prinia,Prinia socialis,Pan-India,"Grasslands, Gardens",Common,Least Concern,"Known for a distinct ""snapping"" sound made by its wings during flight.",Sanjay Gandhi National Park
105,Common Tailorbird,https://aaejae.github.io/ornithoQuiz/Alexa_Common_Tailorbird.mp3,,,https://aaejae.github.io/ornithoQuiz/Common_Tailorbird.png,,,"Darzee, Piddi","Shimpi, ?????","Mentioned in ""Panchatantra"" for its wit and ability to ""sew"" its home.",Passeriformes,Cisticolidae,Orthotomus,Orthotomus sutorius,Pan-India,"Gardens, Hedges",Common,Least Concern,Sews two large leaves together using spider silk to create a nest.,Sanjay Gandhi National Park
106,Common Iora,https://aaejae.github.io/ornithoQuiz/Alexa_Common_Iora.mp3,,,https://aaejae.github.io/ornithoQuiz/Common_Iora.png,,,"Shaubeegi, Iora","Iora, Subhaga",Its bright yellow color is said to be a gift from the sun for its sweet song.,Passeriformes,Aegithinidae,Aegithina,Aegithina tiphia,Pan-India,"Deciduous forests, Gardens",Occasional,Least Concern,"During courtship, the male fluffs its feathers like a ""powder puff.""",Sanjay Gandhi National Park
107,Black hooded Oriole,https://aaejae.github.io/ornithoQuiz/Alexa_Blackhooded_Oriole.mp3,,,https://aaejae.github.io/ornithoQuiz/Blackhooded_Oriole.png,,,"Pilak, Zardak","Hood-wala Haladya, Amrakhi",Said to be a golden bird that dipped its head in ink while writing forest laws.,Passeriformes,Oriolidae,Oriolus,Oriolus xanthornus,Pan-India,"Open forests, Gardens",Occasional,Least Concern,Striking yellow body with a jet-black head and pink bill.,Sanjay Gandhi National Park
108,Rose ringed Parakeet,https://aaejae.github.io/ornithoQuiz/Alexa_Roseringed_Parakeet.mp3,,,https://aaejae.github.io/ornithoQuiz/Roseringed_Parakeet.png,,,"Tota, Suva","Popat, Keer",Often portrayed as the mount of Kamadeva (God of Love) in Hindu mythology.,Psittaciformes,Psittaculidae,Psittacula,Psittacula krameri,Pan-India,"Forests, Cities",Common,Least Concern,The most common parrot in India; males have a pink neck ring.,Sanjay Gandhi National Park
109,Alexandrine Parakeet,https://aaejae.github.io/ornithoQuiz/Alexa_Alexandrine_Parakeet.mp3,,,https://aaejae.github.io/ornithoQuiz/Alexandrine_Parakeet.png,,,"Pahari Tota, Rai Tota","Motha Popat, Karanja","Named after Alexander the Great, who exported them from India to Europe.",Psittaciformes,Psittaculidae,Psittacula,Psittacula eupatria,North & Central India,"Deep forests, Wooded parks",Occasional,Near Threatened,"Larger than the Rose-ringed, with a distinct maroon shoulder patch.",Sanjay Gandhi National Park
110,Coppersmith Barbet,https://aaejae.github.io/ornithoQuiz/Alexa_Coppersmith_Barbet.mp3,,,https://aaejae.github.io/ornithoQuiz/Coppersmith_Barbet.png,,,"Basanta, Chhota Basanta","Tambat, Sonar","Legend says it is a blacksmith reincarnated, forever hammering his anvil.",Piciformes,Megalaimidae,Psilopogon,Psilopogon haemacephalus,Pan-India,Wooded gardens,Common,Least Concern,Call is a repetitive 'tuk-tuk-tuk' like a hammer on copper.,Sanjay Gandhi National Park
111,White throated Kingfisher,https://aaejae.github.io/ornithoQuiz/Alexa_Whitethroated_Kingfisher.mp3,,,https://aaejae.github.io/ornithoQuiz/Whitethroated_Kingfisher.png,,,"Kilkila, Kourilla","Khandya, Dhivar",It is said to have caught the blue of the sky and kept it on its back.,Coraciiformes,Alcedinidae,Halcyon,Halcyon smyrnensis,Pan-India,"Near water, Gardens",Common,Least Concern,"Often found far from water, hunting lizards and grasshoppers.",Sanjay Gandhi National Park
112,Black Kite,https://aaejae.github.io/ornithoQuiz/Alexa_Black_Kite.mp3,,,https://aaejae.github.io/ornithoQuiz/Black_Kite.png,,,"Cheel, Garari","Ghaar, ???","In folklore, the Kite is a greedy bird that lost its place in heaven for stealing.",Accipitriformes,Accipitridae,Milvus,Milvus migrans,Pan-India,Urban centers,Common,Least Concern,A master scavenger with a distinctive forked tail.,Sanjay Gandhi National Park
113,Indian Cormorant,https://aaejae.github.io/ornithoQuiz/Alexa_Indian_Cormorant_Indian_Shag.mp3,,,https://aaejae.github.io/ornithoQuiz/Indian_Cormorant_Indian_Shag.png,,,"Pankowwa, Jal-kauwa",Chhota Pan-kauwa,"Believed to be the ""watchman of the lake,"" keeping spirits under the water.",Suliformes,Phalacrocoracidae,Phalacrocorax,Phalacrocorax fuscicollis,Wetlands across India,"Lakes, Rivers",Occasional,Least Concern,"Dries its wings by holding them out in a ""crucifix"" pose after diving.",Sanjay Gandhi National Park
114,Asian Palm Swift,https://aaejae.github.io/ornithoQuiz/Alexa_Asian_Palm_Swift.mp3,,,https://aaejae.github.io/ornithoQuiz/Asian_Palm_Swift.png,,,"Tal-chatta, Tadi-chatta","Tad-pakshi, Palm Swift","Said to be the spirit of the palm tree, never touching the ground.",Caprimulgiformes,Apodidae,Cypsiurus,Cypsiurus balasiensis,Pan-India,Near Palm trees,Occasional,Least Concern,Glues its nest to the underside of palm fronds using saliva.,Sanjay Gandhi National Park
115,Little Swift,https://aaejae.github.io/ornithoQuiz/Alexa_Little_Swift_Indian_House_Swift.mp3,,,https://aaejae.github.io/ornithoQuiz/Little_Swift_Indian_House_Swift.png,,,"Ababil, Batasi","Pakoli, Bhinti-pakoli","Considered a sign of a ""living home""; their presence brings stability.",Caprimulgiformes,Apodidae,Apus,Apus affinis,Pan-India,"Cliffs, Old buildings",Common,Least Concern,"Spends almost its entire life in flight, even sleeping on the wing.",Sanjay Gandhi National Park
116,Common Hawk Cuckoo,https://aaejae.github.io/ornithoQuiz/Alexa_Common_HawkCuckoo.mp3,,,https://aaejae.github.io/ornithoQuiz/Common_HawkCuckoo.png,,,"Papiha, Kapak","Papiha, Pausa","Its call ""Brain-fever!"" is said to be the cry of a lover seeking water.",Cuculiformes,Cuculidae,Hierococcyx,Hierococcyx varius,Pan-India,Wooded areas,Occasional,Least Concern,Looks exactly like a Shikra (hawk) to scare other birds off their nests.,Sanjay Gandhi National Park
117,Asian Koel,https://aaejae.github.io/ornithoQuiz/Alexa_Asian_Koel.mp3,,,https://aaejae.github.io/ornithoQuiz/Asian_Koel.png,,,"Koel, Kokila","Kokil, Kokila",Its song is the traditional harbinger of spring and the ripening of mangoes.,Cuculiformes,Cuculidae,Eudynamys,Eudynamys scolopaceus,Pan-India,Tree-filled areas,Common,Least Concern,A brood parasite; it cleverly lays its eggs in the nests of Crows.,Sanjay Gandhi National Park
118,Greater Coucal,https://aaejae.github.io/ornithoQuiz/Alexa_Greater_Coucal.mp3,,,https://aaejae.github.io/ornithoQuiz/Greater_Coucal.png,,,"Mahok, Bharadwaj","Bharadwaj, Kumbhar-pakshi","Sighting a ""Bharadwaj"" is considered extremely auspicious for travelers.",Cuculiformes,Cuculidae,Centropus,Centropus sinensis,Pan-India,"Scrub, Tall grass",Occasional,Least Concern,"A large, clumsy-looking cuckoo with deep copper-red wings.",Sanjay Gandhi National Park
119,Laughing Dove,https://aaejae.github.io/ornithoQuiz/Alexa_Laughing_Dove_Little_Brown_Dove.mp3,,,https://aaejae.github.io/ornithoQuiz/Laughing_Dove_Little_Brown_Dove.png,,,"Chhota Fakhta, Panduk","Vit-hola, Lahan Hola","Its call is said to be the ""laughter of the earth"" after a good harvest.",Columbiformes,Columbidae,Spilopelia,Spilopelia senegalensis,Pan-India,"Dry scrub, Gardens",Common,Least Concern,"Named for its cooing call which resembles a low, bubbling human laugh.",Sanjay Gandhi National Park
120,Spotted Dove,https://aaejae.github.io/ornithoQuiz/Alexa_Spotted_Dove.mp3,,,https://aaejae.github.io/ornithoQuiz/Spotted_Dove.png,,,"Chitroka Fakhta, Panduk","Thipakya Hola, Kavada",Symbolizes peace and fidelity; often depicted in folk art as a devoted pair.,Columbiformes,Columbidae,Spilopelia,Spilopelia chinensis,Pan-India,"Gardens, Woodlands",Common,Least Concern,"Has a unique white-spotted black ""lace"" patch on its neck.",Sanjay Gandhi National Park
121,Rock Pigeon,https://aaejae.github.io/ornithoQuiz/Alexa_Rock_Pigeon_Blue_Rock_Pigeon.mp3,,,https://aaejae.github.io/ornithoQuiz/Rock_Pigeon_Blue_Rock_Pigeon.png,,,"Kabutar, Gola","Parava, Kabutar","In many traditions, feeding them is a way to appease ancestors or earn merit.",Columbiformes,Columbidae,Columba,Columba livia,Pan-India,"Cliffs, Urban buildings",Common,Least Concern,Known for its incredible homing instinct and iridescent neck feathers.,Sanjay Gandhi National Park
